Original URL, Image, Title, Price
https://www.smartselangorpasar.com/collections/meat-poultry/products/chowkit-sumsum-tulang-segar-fresh-local-bone-marrow, //cdn.shopify.com/s/files/1/1030/8703/products/sumsum-tulang-segar-500g_3d8b3a50-91d7-4c6e-bb0b-37a30098190c.jpg?v=1524114765, Sumsum Tulang Segar / Fresh Local Bone Marrow, RM9.00 
https://www.smartselangorpasar.com/collections/meat-poultry/products/chowkit-tulang-lembu-tempatan-segar-fresh-local-beef-bones, //cdn.shopify.com/s/files/1/1030/8703/products/tulang-lembu-tempatan-local-beef-bones-500g_b55d7e1c-7bf0-43ac-9b9a-5696e3cbff3b.jpg?v=1524115176, Tulang Lembu Tempatan Segar / Fresh Local Beef Bones, RM21.00 
https://www.smartselangorpasar.com/collections/meat-poultry/products/chowkit-daging-kerbau-india-indian-buffalo-beef-slice, //cdn.shopify.com/s/files/1/1030/8703/products/daging-kerbau-india-indian-buffalo-beef-slice-500g_e0f9950b-d2dd-4015-8268-9c9151684713.jpg?v=1524115184, Daging Kerbau India / Indian Buffalo Beef Slice, RM13.20 
https://www.smartselangorpasar.com/collections/meat-poultry/products/chowkit-perut-masak-lembu-cow-intestine, //cdn.shopify.com/s/files/1/1030/8703/products/perut-masak-lembu-cow-intestine-500g_79785e7a-7837-4e21-a7d9-772decf0bd35.jpg?v=1524115177, Perut Masak (Lembu) / Cow Intestine, RM7.20 
https://www.smartselangorpasar.com/collections/meat-poultry/products/chowkit-hati-kerbau-india-beku-frozen-indian-buffalo-liver, //cdn.shopify.com/s/files/1/1030/8703/products/hati-kerbau-india-beku-frozen-indian-buffalo-liver-500g_0c7fb8e3-0cf2-47de-b055-f09fbc0b9926.jpg?v=1524115181, Hati Kerbau India Beku / Frozen Indian Buffalo Liver, RM7.20 
https://www.smartselangorpasar.com/collections/meat-poultry/products/chowkit-limpa-lembu-segar-fresh-cow-spleen, //cdn.shopify.com/s/files/1/1030/8703/products/limpa-lembu-segar-500g_0b33f4e1-0a9b-4cc0-b02e-aa0b5ea2e5ce.jpg?v=1524114766, Limpa Lembu Segar / Fresh Cow Spleen, RM14.40 
https://www.smartselangorpasar.com/collections/meat-poultry/products/ayam-pencen-old-chicken, //cdn.shopify.com/s/files/1/1030/8703/products/ayam-pencen-whole.jpg?v=1524002091, Ayam Pencen / Old Chicken, RM9.60 
https://www.smartselangorpasar.com/collections/meat-poultry/products/chowkit-tulang-kambing-kiub-bones-mutton-cubes, //cdn.shopify.com/s/files/1/1030/8703/products/tulang-kambing-kiub-bones-mutton-cubes-500g_1db7e2ef-bd43-4f32-a463-ca83c42f6fda.jpg?v=1524115180, Tulang Kambing Kiub /  Bones Mutton Cubes, RM21.00 
https://www.smartselangorpasar.com/collections/meat-poultry/products/chowkit-tulang-rusuk-tempatan-segar-fresh-local-ribs, //cdn.shopify.com/s/files/1/1030/8703/products/tulang-rusuk-segar-500g_d2228057-6dd3-4447-8bb4-86dce23efa0b.jpg?v=1524114769, Tulang Rusuk Tempatan Segar / Fresh Local Ribs, RM22.00 
https://www.smartselangorpasar.com/collections/meat-poultry/products/chowkit-daging-kerbau-india-indian-buffalo-silverside, undefined, , 
https://www.smartselangorpasar.com/collections/meat-poultry/products/wholesale-kaki-ayam-segar-fresh-chicken-feet, //cdn.shopify.com/s/files/1/1030/8703/products/kaki-ayam-segar-fresh-chicken-feet-100g.jpg?v=1521624398, Kaki Ayam Segar / Fresh Chicken Feet, RM6.00 
https://www.smartselangorpasar.com/collections/meat-poultry/products/kepak-ayam-segar-fresh-chicken-wings, //cdn.shopify.com/s/files/1/1030/8703/products/kepak-ayam-segar-fresh-chicken-wings-500g.jpg?v=1524001645, Kepak Ayam Segar / Fresh Chicken Wings, RM7.20 
https://www.smartselangorpasar.com/collections/meat-poultry/products/deals-ayam-segar-seekor, //cdn.shopify.com/s/files/1/1030/8703/products/whole-fresh-chicken-16pc-cut_370eca48-3d74-4953-a564-75ec417ce676.jpg?v=1524507524, Ayam Segar (Seekor) / Fresh Chicken (Whole), RM20.40 
https://www.smartselangorpasar.com/collections/meat-poultry/products/chowkit-kerongkong-lembu-segar-fresh-beef-trachea, //cdn.shopify.com/s/files/1/1030/8703/products/fresh-beef-trachea-kerongkong-lembu-segar-500g_381cf9aa-58ce-4b3a-891e-56b334419be7.jpg?v=1524114764, Kerongkong Lembu Segar / Fresh Beef Trachea, RM10.80 
https://www.smartselangorpasar.com/collections/meat-poultry/products/wholesale-tongkeng-ayam-segar-fresh-chicken-bishops-nose, //cdn.shopify.com/s/files/1/1030/8703/products/tongkeng-ayam-segar-fresh-chicken-bishops-nose-250g_8a39c90a-8960-4634-aeb5-91c4abed33fa.jpg?v=1521624401, Tongkeng Ayam Segar / Fresh Chicken Bishops Nose, RM4.20 
https://www.smartselangorpasar.com/collections/meat-poultry/products/ayam-potong-16, //cdn.shopify.com/s/files/1/1030/8703/products/ayam-potong-16.jpg?v=1527651013, Ayam Potong 16, RM20.40 
https://www.smartselangorpasar.com/collections/meat-poultry/products/chowkit-tunjang-lembu-beef-spinal-cord, //cdn.shopify.com/s/files/1/1030/8703/products/tunjang-lembu-beef-spinal-cord-1-pcs_39f8f7fc-2f40-4505-aa10-8f60ee262b72.jpg?v=1524115174, Tunjang Lembu / Beef Spinal Cord, RM36.00 
https://www.smartselangorpasar.com/collections/meat-poultry/products/chowkit-paru-lembu-segar-fresh-beef-lungs, //cdn.shopify.com/s/files/1/1030/8703/products/paru-lembu-segar-500g-fresh-beef-lungs-500g_fdecf1d5-4f3e-4b14-a7f0-723a251d35a0.jpg?v=1524114768, Paru Lembu Segar / Fresh Beef Lungs, RM18.00 
https://www.smartselangorpasar.com/collections/meat-poultry/products/chowkit-perut-lembu-segar-cow-belly-meat, //cdn.shopify.com/s/files/1/1030/8703/products/perut-lembu-segar-500g_547103e5-b1b9-498b-aac2-472e169f360b.jpg?v=1524114765, Perut Lembu Segar / Cow Belly Meat, RM12.00 
https://www.smartselangorpasar.com/collections/meat-poultry/products/chowkit-fresh-whole-chicken-leg, //cdn.shopify.com/s/files/1/1030/8703/products/download_1b17432f-d44b-469a-80f9-767312b45c23.jpg?v=1524115353, Fresh Whole Chicken Leg [500g], RM7.20 
https://www.smartselangorpasar.com/collections/meat-poultry/products/chowkit-daging-batang-pinang-tempatan-segar-fresh-local-beef-tenderloin, //cdn.shopify.com/s/files/1/1030/8703/products/daging-batang-pinang-tempatan-segar-500g_8882432d-0288-436d-b7aa-0ad41625b756.jpg?v=1524114229, Daging Batang Pinang Tempatan Segar / Fresh Local Beef Tenderloin, RM28.80 
https://www.smartselangorpasar.com/collections/meat-poultry/products/isi-ayam-segar-fresh-chicken-fillet, //cdn.shopify.com/s/files/1/1030/8703/products/isi_ayam_segar.png?v=1524001398, Isi Ayam Segar / Fresh Chicken Fillet, RM14.40 
https://www.smartselangorpasar.com/collections/meat-poultry/products/chowkit-paru-lembu-beku-beef-lungs-frozen, //cdn.shopify.com/s/files/1/1030/8703/products/paru-lembu-beef-lungs_635e2faf-d2c7-4b87-83be-b9c28502a5b1.jpg?v=1524115178, Paru Lembu [Beku] / Beef Lungs [Frozen], RM9.00 
https://www.smartselangorpasar.com/collections/meat-poultry/products/chowkit-daging-tetel-tempatan-segar-chopped-fresh-local-beef, //cdn.shopify.com/s/files/1/1030/8703/products/daging-tetel-tempatan-segar-chopped-fresh-local-beef-500g_e8d87a8b-5637-410f-8dd2-980a6b9e926a.jpg?v=1524114769, Daging Tetel Tempatan Segar / Chopped Fresh Local Beef, RM10.80 
https://www.smartselangorpasar.com/collections/meat-poultry/products/isi-ayam-beku-frozen-chicken-fillet, undefined, , 
https://www.smartselangorpasar.com/collections/meat-poultry/products/serdang-daging-lembu-tempatan-segar-fresh-local-topside-beef, undefined, , 
https://www.smartselangorpasar.com/collections/meat-poultry/products/ayam-kampung-seekor-free-range-chicken-whole, //cdn.shopify.com/s/files/1/1030/8703/products/ayam-kampung-whole.jpg?v=1524001779, Ayam Kampung (Seekor) / Free-Range Chicken (Whole), RM15.60 
https://www.smartselangorpasar.com/collections/meat-poultry/products/chowkit-tulang-rusuk-kerbau-india-indian-buffalo-frozen-beef-ribs, //cdn.shopify.com/s/files/1/1030/8703/products/indian-buffalo-frozen-beef-ribs-500g_7777370b-50c8-4dfe-8872-cbc91b481a6b.jpg?v=1524115175, Tulang Rusuk Kerbau India / Indian Buffalo Frozen Beef Ribs, RM30.00 
https://www.smartselangorpasar.com/collections/meat-poultry/products/chowkit-daging-kambing-kiub-mutton-cubes, //cdn.shopify.com/s/files/1/1030/8703/products/daging-kambing-kiub-mutton-cubes-500g_3b2234b6-c6dd-4027-9a51-b4b3d566e72e.jpg?v=1524115179, Daging Kambing Kiub / Mutton Cubes, RM21.00 
https://www.smartselangorpasar.com/collections/meat-poultry/products/chowkit-daging-pejal-india-indian-buffalo-beef-topside, //cdn.shopify.com/s/files/1/1030/8703/products/indian-buffalo-beef-topside-500g_704d7b0f-6344-4150-806e-fe2fb1a99e20.jpg?v=1524115183, Daging Pejal India / Indian Buffalo Beef Topside, RM14.40 
https://www.smartselangorpasar.com/collections/meat-poultry/products/chowkit-daging-hancur-frozen-minced-meat, undefined, , 
https://www.smartselangorpasar.com/collections/meat-poultry/products/chowkit-ekor-lembu-tempatan-local-oxtail-meat, //cdn.shopify.com/s/files/1/1030/8703/products/ekor-lembu-tempatan-local-oxtail-meat-each_ea4d54b0-1e92-4e87-8e6b-c5fd5466d759.jpg?v=1524115182, Ekor Lembu Tempatan / Local Oxtail Meat, RM56.00 
https://www.smartselangorpasar.com/collections/meat-poultry/products/chowkit-hati-lembu-segar-fresh-beef-liver, //cdn.shopify.com/s/files/1/1030/8703/products/hati-lembu-segar-fresh-beef-liver-500g_7689d93d-5c56-40dd-87f7-cab44994586f.jpg?v=1524114767, Hati Lembu Segar / Fresh Beef Liver, RM18.00 
https://www.smartselangorpasar.com/collections/meat-poultry/products/chowkit-hempedal-ayam-segar-fresh-chicken-gizzard, undefined, , 
https://www.smartselangorpasar.com/collections/meat-poultry/products/chowkit-hati-ayam-segar-fresh-chicken-liver, undefined, , 
https://www.smartselangorpasar.com/collections/meat-poultry/products/meru-daging-lembu-tempatan-segar-fresh-local-topside-beef, //cdn.shopify.com/s/files/1/1030/8703/products/DAGING-SEGAR_a1945c8c-935e-4898-9a2a-b6a3cccaa830.jpg?v=1532423617, Daging Lembu Tempatan Segar / Fresh Local Topside Beef, RM19.20 
https://www.smartselangorpasar.com/collections/cooking-oil/products/chowkit-naturel-extra-virgin-olive-oil, //cdn.shopify.com/s/files/1/1030/8703/products/222_8d469bd0-3bc4-4523-b046-210a2c78f195.jpg?v=1524114101, Naturel Extra Virgin Olive Oil, RM13.20 
https://www.smartselangorpasar.com/collections/cooking-oil/products/chowkit-naturel-blend-canola-sunflower-oil-1-1-liter, //cdn.shopify.com/s/files/1/1030/8703/products/Naturel_Blend_Canola_Sunflower_Oil_1.1_Liter_aab42358-bf46-4c22-89b9-4d609e9d5ead.jpg?v=1524114100, Naturel Blend Canola & Sunflower Oil [1.1 Liter], RM13.20 
https://www.smartselangorpasar.com/collections/cooking-oil/products/chowkit-basso-extra-virgin-olive-oil, //cdn.shopify.com/s/files/1/1030/8703/products/minyak_edit_c2c394fd-4b28-4754-8298-f76572a17508.jpg?v=1524114102, Basso Extra Virgin Olive Oil, RM44.00 
https://www.smartselangorpasar.com/collections/cooking-oil/products/chowkit-minyak-masak-jagung-daisy-daisy-corn-oil-1, //cdn.shopify.com/s/files/1/1030/8703/products/daisy-corn-oil-549ml_dc1e26b6-c5d5-49d4-9910-98cf24678d51.jpg?v=1524114230, Minyak Masak Jagung Daisy / Daisy Corn Oil, RM7.10 
https://www.smartselangorpasar.com/collections/cooking-oil/products/chowkit-naturel-blend-canola-sunflower-oil, //cdn.shopify.com/s/files/1/1030/8703/products/Naturel_Blend_Canola_Sunflower_Oil_1.1_Liter_d8de2626-e1ba-4005-bce6-62241d75a2d9.jpg?v=1524114098, Naturel Blend Canola & Sunflower Oil, RM19.80 
https://www.smartselangorpasar.com/collections/cooking-oil/products/chowkit-minyak-masak-knife-knife-cooking-oil, //cdn.shopify.com/s/files/1/1030/8703/products/minyak-masak-cap-pisau-2kg_523392c4-2631-467b-90ce-460391b0fb8e.jpg?v=1524114663, Minyak Masak Knife / Knife Cooking Oil, RM10.45 
https://www.smartselangorpasar.com/collections/cooking-oil/products/chowkit-mazola-100-sunflower-oil, //cdn.shopify.com/s/files/1/1030/8703/products/mazola_baru_ef82cb8f-7a23-47a0-995b-05ff8f504e12.png?v=1524114104, Mazola 100% Sunflower Oil, RM39.20 
https://www.smartselangorpasar.com/collections/cooking-oil/products/chowkit-knife-blended-cooking-oil, //cdn.shopify.com/s/files/1/1030/8703/products/minyak_23de15d7-e83d-4e42-aa59-a8d0e236557b.jpg?v=1524114100, Knife Blended Cooking Oil, RM12.10 
https://www.smartselangorpasar.com/collections/cooking-oil/products/chowkit-minyak-masak-buruh-1, //cdn.shopify.com/s/files/1/1030/8703/products/5kg_baru_523696f0-7733-4a61-9c15-1eec0526eb7e.png?v=1524114494, Minyak Masak Buruh, RM23.00 
https://www.smartselangorpasar.com/collections/cooking-oil/products/meru-minyak-masak-seri-murni-seri-murni-cooking-oil-2, //cdn.shopify.com/s/files/1/1030/8703/products/minyak-masak-seri-murni-2kg_3f663f83-ea77-40ea-8fd1-bf66d7b8acf9.jpg?v=1532423654, Minyak Masak Seri Murni / Seri Murni Cooking Oil, RM14.00 
https://www.smartselangorpasar.com/collections/cooking-oil/products/chowkit-minyak-masak-jagung-daisy-daisy-corn-oil-2, //cdn.shopify.com/s/files/1/1030/8703/products/daisy-corn-oil-1-1-liter_0f88c0ec-4508-4c5c-b840-604bfb71d885.jpg?v=1524114232, Minyak Masak Jagung Daisy / Daisy Corn Oil, RM11.79 
https://www.smartselangorpasar.com/collections/cooking-oil/products/chowkit-naturel-sunflower-cooking-oil, //cdn.shopify.com/s/files/1/1030/8703/products/1.4.5_273b02e0-e01d-46bc-b94b-08f07d2355c4.jpg?v=1524114099, Naturel Sunflower Cooking Oil, RM30.80 
https://www.smartselangorpasar.com/collections/cooking-oil/products/chowkit-minyak-masak-jagung-daisy-daisy-corn-oil, //cdn.shopify.com/s/files/1/1030/8703/products/daisy-corn-oil-3-3-liter_a1a3b3cc-efad-4480-9ef2-bf79fd216abe.jpg?v=1524114231, Minyak Masak Jagung Daisy / Daisy Corn Oil, RM28.00 
https://www.smartselangorpasar.com/collections/cooking-oil/products/chowkit-minyak-masak-buruh-2, //cdn.shopify.com/s/files/1/1030/8703/products/3kg_baru_18d391e0-7ed1-405b-b9eb-10df40b4f5ea.png?v=1524114143, Minyak Masak Buruh, RM15.20 
https://www.smartselangorpasar.com/collections/cooking-oil/products/chowkit-minyak-masak-sayuran-alif-alif-vegetable-cooking-oil-1, //cdn.shopify.com/s/files/1/1030/8703/products/minyak-masak-alif-5kg_4460ab51-22ab-4bae-98aa-9d2b7d905de5.jpg?v=1524114495, Minyak Masak Sayuran Alif / Alif Vegetable Cooking Oil, RM22.50 
https://www.smartselangorpasar.com/collections/cooking-oil/products/chowkit-vesawit-cooking-oil, //cdn.shopify.com/s/files/1/1030/8703/products/111_1700938f-78e4-42eb-a975-cdb5f72252d7.jpg?v=1524114783, Vesawit Cooking Oil, RM4.50 
https://www.smartselangorpasar.com/collections/cooking-oil/products/chowkit-minyak-masak-buruh, //cdn.shopify.com/s/files/1/1030/8703/products/buruh_baru_58fffdd9-a8a6-47a1-aa9d-d524c92b2b06.png?v=1524114661, Minyak Masak Buruh, RM10.80 
https://www.smartselangorpasar.com/collections/cooking-oil/products/chowkit-mazola-corn-oil, //cdn.shopify.com/s/files/1/1030/8703/products/Mazola_Corn_Oil_1.1_Litre_f9df31b1-f865-4f77-a6ac-2e054c5a5f10.jpg?v=1524114103, Mazola Corn Oil, RM15.40 
https://www.smartselangorpasar.com/collections/cooking-oil/products/chowkit-naturel-extra-virgin-olive-oil-1, //cdn.shopify.com/s/files/1/1030/8703/products/xxxzzz_3241966a-7063-460b-904b-3d5daa215370.png?v=1524114103, Naturel Extra Virgin Olive Oil, RM24.40 
https://www.smartselangorpasar.com/collections/cooking-oil/products/chowkit-minyak-masak-knife-knife-cooking-oil-1, //cdn.shopify.com/s/files/1/1030/8703/products/minyak-masak-cap-pisau-5kg_ea279cf3-a1e4-4af0-bf30-9f4f933b8df6.jpg?v=1524114662, Minyak Masak Knife / Knife Cooking Oil, RM26.00 
https://www.smartselangorpasar.com/collections/cooking-oil/products/chowkit-minyak-masak-saji-saji-cooking-oil-2, //cdn.shopify.com/s/files/1/1030/8703/products/edit_minyak_saji_1_kg_b507bd3a-009a-41b9-82ab-f200b30d100a.jpg?v=1524114086, Minyak Masak Saji / Saji Cooking Oil, RM5.80 
https://www.smartselangorpasar.com/collections/cooking-oil/products/chowkit-minyak-masak-saji-saji-cooking-oil-1, //cdn.shopify.com/s/files/1/1030/8703/products/luuu_c230ec4e-786b-4ca7-8496-d575cbd4ffcc.png?v=1524114496, Minyak Masak Saji / Saji Cooking Oil, RM22.15 
https://www.smartselangorpasar.com/collections/cooking-oil/products/chowkit-minyak-masak-saji-saji-cooking-oil, //cdn.shopify.com/s/files/1/1030/8703/products/Masak-Saji-2Kg_6e94980b-1a14-4ef0-9a86-08f72eaf812a.png?v=1524114658, Minyak Masak Saji / Saji Cooking Oil, RM9.60 