Supplier Name, URL
Yow Seng Sdn. Bhd., https://www.supplybunny.com/en/companies/yow-seng-sdn-bhd?tag=dry-wholesale-grocery-pasta-oils-rice
BIGBox Asia by DPO International Sdn Bhd, https://www.supplybunny.com/en/companies/bigbox-asia-by-dpo-international-sdn-bhd?tag=dry-wholesale-grocery-pasta-oils-rice
Eurofresh Sdn Bhd, https://www.supplybunny.com/ms/companies/eurofresh-sdn-bhd
Salees, https://www.supplybunny.com/en/companies/salees?tag=frozen-rte-instant-food
88SP Mart, https://www.supplybunny.com/en/companies/88sp-mart?tag=dry-wholesale-grocery-pasta-oils-rice
MC Fresh Enterprise, https://www.supplybunny.com/en/companies/mc-fresh-enterprise?tag=meat-poultry
Pikzern Marketing Sdn Bhd, https://www.supplybunny.com/en/companies/pikzern-marketing-sdn-bhd?tag=dry-wholesale-grocery-pasta-oils-rice
Leeng Marketing, https://www.supplybunny.com/en/companies/leeng-marketing?tag=coffee
Sauce Empire Manufacturing Sdn Bhd, https://www.supplybunny.com/en/companies/nyolike-marketing
Elite Gourmet, https://www.supplybunny.com/en/companies/elite-gourmet?tag=premium-imported-vegetables
Smoosh The Creative Juicers Sdn Bhd, https://www.supplybunny.com/en/companies/smoosh-the-creative-juicers-sdn-bhd?tag=soft-drinks-beverages
Way Sauce (Lan Ting Sdn Bhd), https://www.supplybunny.com/en/companies/way-sauce-lan-ting-sdn-bhd
CBA Industries Sdn. Bhd., https://www.supplybunny.com/en/companies/cba-industries-sdn-bhd?tag=cleaning-supplies
Soon Fatt Foods S/B, https://www.supplybunny.com/en/companies/soon-fatt-foods-s-b?tag=frozen-rte-instant-food
Eciatto Group Sdn Bhd, https://www.supplybunny.com/en/companies/eciatto-group-sdn-bhd?tag=tea
Impian Sebati Sdn Bhd, https://www.supplybunny.com/en/companies/impian-sebati-sdn-bhd?tag=fish-seafood
Kosas Permodalan Sdn Bhd, https://www.supplybunny.com/en/companies/kosas-permodalan-sdn-bhd?tag=fruits
Jz Oriental Delight S/B, https://www.supplybunny.com/en/companies/jz-oriental-delight-s-b
Albatross Exim (M) Sdn Bhd, https://www.supplybunny.com/ms/companies/albatross-exim-m-sdn-bhd?tag=frozen-food
Xin Ju Yuan Sdn Bhd, https://www.supplybunny.com/en/companies/xin-ju-yuan-sdn-bhd?tag=tea
Dragon Taste Seafood, https://www.supplybunny.com/en/companies/dragon-taste-seafood?tag=imported-frozen-seafood
V-Aroma Food Industries Sdn Bhd, https://www.supplybunny.com/en/companies/v-aroma-food-industries-sdn-bhd?tag=frozen-food
Spoon Health (M) Sdn Bhd, https://www.supplybunny.com/en/companies/spoon-health-m-sdn-bhd?tag=dry-wholesale-grocery-pasta-oils-rice
Prawn Heaven Sdn Bhd, https://www.supplybunny.com/en/companies/prawn-heaven-sdn-bhd?tag=imported-frozen-seafood
Tip Top Fruits & Groceries, https://www.supplybunny.com/en/companies/tip-top-fruits-groceries?tag=local-fresh-frozen-vegetables
Ever Fresh Cameron Sdn Bhd, https://www.supplybunny.com/en/companies/ever-fresh-cameron-sdn-bhd?tag=local-fresh-frozen-vegetables
Vege Ready Sdn Bhd, https://www.supplybunny.com/en/companies/vege-ready-sdn-bhd?tag=vegetables
Boxgreen, https://www.supplybunny.com/en/companies/boxgreen?tag=snacks-products
JG Food & Beverage Supply, https://www.supplybunny.com/en/companies/jg-food-beverage-supply?tag=pasta-noodle
Leong Heng Seafood Sdn Bhd, https://www.supplybunny.com/en/companies/leong-heng-seafood-sdn-bhd?tag=fish-seafood
Kara Marketing (M) Sdn Bhd, https://www.supplybunny.com/en/companies/kara-marketing-m-sdn-bhd?tag=soft-drinks-beverages
MEGAH MEE SDN. BHD., https://www.supplybunny.com/en/companies/megah-mee-sdn-bhd?tag=pasta-noodle
Long Seng, https://www.supplybunny.com/en/companies/long-seng?tag=fish-seafood
Cajun Asian Sdn Bhd, https://www.supplybunny.com/en/companies/cajun-asian-sdn-bhd
Radiant Code Sdn. Bhd., https://www.supplybunny.com/ms/companies/radiant-code-sdn-bhd?tag=seasoning
Heritage Food Network, https://www.supplybunny.com/en/companies/heritage-food-network?tag=soft-drink
Storiiu Sdn Bhd, https://www.supplybunny.com/en/companies/storiiu-sdn-bhd?tag=soft-drink
Nature First Harvest Sdn Bhd, https://www.supplybunny.com/ms/companies/nature-first-harvest-sdn-bhd?tag=fish-seafood
Catch & Carry Seafood, https://www.supplybunny.com/en/companies/catch-carry-seafood?tag=fish-seafood
Tin Hong Loke Guan Bakery & Confectionery Sdn Bhd, https://www.supplybunny.com/en/companies/tin-hong-loke-guan-bakery-confectionery-sdn-bhd?tag=bakery-pastry
KMT Trading Sdn Bhd, https://www.supplybunny.com/en/companies/kmt-trading-sdn-bhd?tag=grain-rice
Hajjah Aminah Food Industries Sdn Bhd ( HAFI ), https://www.supplybunny.com/en/companies/hajjah-aminah-food-industries-sdn-bhd-hafi?tag=chicken-products
Ary Agro Farm, https://www.supplybunny.com/en/companies/ary-agro-farm
Creative Pearl (M) Sdn Bhd, https://www.supplybunny.com/en/companies/creative-pearl-m-sdn-bhd?tag=condiment
STP Chilled & Frozen Products Sdn Bhd, https://www.supplybunny.com/ms/companies/stp-chilled-frozen-products-sdn-bhd?tag=butter
Pui Pui Heong Tea, https://www.supplybunny.com/en/companies/pui-pui-heong-tea
Master Group of Companies, https://www.supplybunny.com/en/companies/master-group-of-companies
Seafood Valley Enterprise Sdn Bhd, https://www.supplybunny.com/en/companies/seafood-valley-enterprise-sdn-bhd?tag=frozen-food
Yosh Ventures Sdn Bhd, https://www.supplybunny.com/en/companies/yosh-ventures-sdn-bhd?tag=jams-spreads
Juus Food, https://www.supplybunny.com/en/companies/juus-food-malaysia
Deep Sea Fishery Kingdom Sdn Bhd, https://www.supplybunny.com/ms/companies/deep-sea-fishery-kingdom-sdn-bhd?tag=oysters
Sodaxpress International Sdn Bhd, https://www.supplybunny.com/en/companies/sodaxpress-international-sdn-bhd
Ideal Beverage Marketing Sdn Bhd, https://www.supplybunny.com/en/companies/ideal-beverage-marketing-sdn-bhd?tag=tea
Champ Global, https://www.supplybunny.com/en/companies/champ-global
Mankind Global, https://www.supplybunny.com/en/companies/mankind-global?tag=powdered-drink
Ocean Brothers Sdn Bhd, https://www.supplybunny.com/ms/companies/ocean-brothers-sdn-bhd-malaysia?tag=crabs
Nyonya Dapur Ibuku Sdn Bhd, https://www.supplybunny.com/en/companies/nyonya-dapur-ibuku-sdn-bhd?tag=vegetables
Aquaculture Alliance Sdn Bhd, https://www.supplybunny.com/en/companies/aquaculture-alliance-sdn-bhd?tag=fresh-fish
Vertopia Products, https://www.supplybunny.com/en/companies/vertopia-products?tag=drink-flavouring
Extra Natural Sdn Bhd, https://www.supplybunny.com/en/companies/extra-natural-sdn-bhd?tag=fruits
Spec Food, https://www.supplybunny.com/en/companies/spec-food?tag=fruits
Eco E Cycle Packaging Sdn Bhd, https://www.supplybunny.com/en/companies/eco-e-cycle-packaging-sdn-bhd
Heng Nam Import & Export (M) Sdn Bhd, https://www.supplybunny.com/en/companies/heng-nam-import-export-m-sdn-bhd?tag=snacks-products
The Skinny Bakers, https://www.supplybunny.com/en/companies/the-skinny-bakers?tag=bakery-pastry
Hive Cluster Honey, https://www.supplybunny.com/en/companies/hive-cluster-honey
Beagrans Enterprise, https://www.supplybunny.com/en/companies/beagrans-enterprise-malaysia?tag=snacks-products
YCL Natural Marketing, https://www.supplybunny.com/en/companies/ycl-natural-marketing?tag=powdered-drink
GFB Food Sdn Bhd, https://www.supplybunny.com/en/companies/gfb-food-sdn-bhd?tag=powdered-drink